Company Name,Link,Official Website,Phone,Address
Sungrano GmbH,https://www.wlw.de/de/firma/sungrano-gmbh-20020945,http://www.sungrano.de/,+4922349796260,"Bahnstraße 161, DE-50858 Köln"
iTAGAST Inh. Reinhard Deimling,https://www.wlw.de/de/firma/itagast-inh-reinhard-deimling-20020540,https://www.itagast.de/?Itagast%2520=wlw,+491723657751,"HAP-Grieshaber-Weg 11, DE-76287 Rheinstetten"
KONTORHAUS GÖRICKE UG,https://www.wlw.de/de/firma/kontorhaus-goericke-ug-1934367,https://www.kamelur.de/,+4935014404930,"Longuyoner Str. 11, DE-01796 Pirna"
Frießinger Mühle GmbH,https://www.wlw.de/de/firma/friessinger-muehle-gmbh-1134263,http://www.friessinger-muehle.de/,+49706397970,"Brühlstrasse 13, DE-74206 Bad Wimpfen"
Züberi International Trading Company,https://www.wlw.de/de/firma/zueberi-international-trading-company-20034413,https://www.zueberi.com/,+491636709095,"Marktstr.1, DE-72793 Pfullingen"
Aurora Mühlen GmbH,https://www.wlw.de/de/firma/aurora-muehlen-gmbh-1107662,http://www.goldpuder.de/,+492094030,"Trettaustrasse 49, DE-21107 Hamburg"
Axel Redzich,https://www.wlw.de/de/firma/axel-redzich-1760230,https://www.redzich-mehl.de/,+4973749147449,"Im Aispel 20, DE-88524 Uttenweiler"
EVL&T GmbH,https://www.wlw.de/de/firma/evlt-gmbh-20029860,https://www.evl-t.com/,+4315320180220,"Sterngasse 3/2/6, AT-1010 Wien"
Hasborner Mühle e.K.,https://www.wlw.de/de/firma/hasborner-muehle-ek-1841391,http://www.hasborner-muehle.de/,+4968536627,"Saarstrasse 6, DE-66636 Tholey-Hasborn"
prepare4it GmbH / ration1.de,https://www.wlw.de/de/firma/prepare4it-gmbh-ration1de-1925473,https://ration1.de/,+4989215379315,"Klausnerring 1a, DE-85551 Kirchheim bei München"
Candy And More,https://www.wlw.de/de/firma/candy-and-more-1253374,http://www.candyandmore.de/,+4957318420358,"Kirchbreite 18, DE-32549 Bad Oeynhausen"
Höhenrainer Delikatessen GmbH,https://www.wlw.de/de/firma/hoehenrainer-delikatessen-gmbh-610801,http://www.hoehenrainer.de/,+4980639740,"Lauser Strasse 1, DE-83620 Feldkirchen-Westerham"
J.D.F. Import-Export GmbH,https://www.wlw.de/de/firma/jdf-import-export-gmbh-20010620,https://jdfimportexport.de/,+491633966368,"Eichenstrasse 26, DE-26892 Wippingen"
EDNA International GmbH,https://www.wlw.de/de/firma/edna-international-gmbh-338915,https://www.edna.de/epages/Edna.sf/,+498291840,"Gollenhoferstrasse 3, DE-86441 Zusmarshausen"
Georg Fles GmbH,https://www.wlw.de/de/firma/georg-fles-gmbh-1519153,http://www.fles.de/,+49408801583,"Falckweg 2, DE-22605 Hamburg"
Aquaristikwelt24 GmbH & Co.KG,https://www.wlw.de/de/firma/aquaristikwelt24-gmbh-cokg-20020560,http://www.aquaristikwelt24.de/,+4962429124437,"Sommerdamm 81, DE-67550 Worms"
Gfaller-Mehl Kunstmühle Haslach GmbH & Co. KG,https://www.wlw.de/de/firma/gfaller-mehl-kunstmuehle-haslach-gmbh-co-kg-1524780,http://www.gfaller-mehl.de/,+4986112027,"Mühlgasse 12, DE-83278 Traunstein"
BeckerComPlan GmbH,https://www.wlw.de/de/firma/beckercomplan-gmbh-1318407,http://www.petshop4you.de/?https%3A%2F%2Fwww.shop4pets.de%2F,+49237250970,"Schottlandstrasse 1, DE-58675 Hemer"
Eugen Straub Kunstmühle GmbH & Co. KG,https://www.wlw.de/de/firma/eugen-straub-kunstmuehle-gmbh-co-kg-1904526,http://straub-muehle.de/,+4973317232,"Schimmelmühle 1, DE-73312 Geislingen an der Steige"
SanaBio GmbH,https://www.wlw.de/de/firma/sanabio-gmbh-1568929,http://www.sanabio.bio/,+4939287639700,"Geschwister-Scholl-Strasse 143a, DE-39218 Schönebeck"
W. Ulrich GmbH,https://www.wlw.de/de/firma/w-ulrich-gmbh-1150621,http://www.ulrichgmbh.de/,+49819393120,"Gewerbering 10, DE-86922 Eresing"
TMC-Import-Export UG,https://www.wlw.de/de/firma/tmc-import-export-ug-1765792,http://www.tmc-rohstoffe.com/,+491704826623,"Bergstrasse 8, DE-06406 Bernburg"
Spezial-Gebäck Oehm GmbH,https://www.wlw.de/de/firma/spezial-gebaeck-oehm-gmbh-610183,http://www.spezialgebaeck-oehm.de/,+4987619531,"Erzgebirgstrasse 13, DE-85368 Moosburg"
TASTE MARKET GmbH,https://www.wlw.de/de/firma/taste-market-gmbh-20018923,http://www.taste-market.de/,+4941652224808,"Rahmstorfer Straße 2, DE-21647 Moisburg"
bojati food GmbH,https://www.wlw.de/de/firma/bojati-food-gmbh-20007164,https://www.bojati-food.de/,+494207666270,"Margarete-Steiff-Straße 10, DE-28876 Oyten"
Pfefferküchlerei Max Schäfer Inhaber Ingo Holling e.K.,https://www.wlw.de/de/firma/pfefferkuechlerei-max-schaefer-inhaber-ingo-holling-ek-1124964,http://www.pfefferkuchen-schaefer.de/,+493595540027,"Waldstrasse 9, DE-01896 Pulsnitz"
Hedwigsburger Okermühle GmbH,https://www.wlw.de/de/firma/hedwigsburger-okermuehle-gmbh-605131,http://www.okermuehle.de/,+495337948970,"Postbergstrasse 14-16, DE-38324 Hedwigsburg"
Becker Feinkost GmbH,https://www.wlw.de/de/firma/becker-feinkost-gmbh-1123169,http://www.becker-feinkost.de/,+4944882126,"Am Detershof 9, DE-26655 Westerstede"
Schwedenhaus-Design.com Inh. Torsten Koch,https://www.wlw.de/de/firma/schwedenhaus-designcom-inh-torsten-koch-1898157,http://www.schwedenhaus-design.com/,+495517893788,"Anna-Vandenhoeck-Ring 5, DE-37081 Göttingen"
Der Rügenshop Birgitta Burgert,https://www.wlw.de/de/firma/der-ruegenshop-birgitta-burgert-1419588,http://www.ruegenshop.eu/,+493838203562,"Hofstrasse 7 A, DE-18528 Patzig auf Rügen"
Horst Walberg Trockenfrucht Import GmbH,https://www.wlw.de/de/firma/horst-walberg-trockenfrucht-import-gmbh-631366,http://www.howa.de/,+49419398190,"Henstedter Strasse 21, DE-24629 Kisdorf"
Kröner-Stärke GmbH,https://www.wlw.de/de/firma/kroener-staerke-gmbh-342911,http://www.kroener-staerke.de/,+49545194470,"Lengericher Strasse 158, DE-49479 Ibbenbüren"
Dankebox,https://www.wlw.de/de/firma/dankebox-1809895,http://www.dankebox.de/,+4921117446416,"Drakestrasse 39, DE-40545 Düsseldorf"
Henry Lamotte Food GmbH,https://www.wlw.de/de/firma/henry-lamotte-food-gmbh-633608,http://www.lamotte-food.de/,+494215239470,"Auf dem Dreieck 3, DE-28197 Bremen"
Organic Natural Inh. Julianna Pinterne Lajos,https://www.wlw.de/de/firma/organic-natural-inh-julianna-pinterne-lajos-1935618,https://www.organic-natural.de/,+4915110532066,"Dr. Gantenberg str. 22, DE-94124 Büchlberg"
Namcha-Asia Discount by Inh. NAD Asiatische Lebensmittel Ltd.,https://www.wlw.de/de/firma/namcha-asia-discount-by-inh-nad-asiatische-lebensmittel-ltd-20038697,https://www.namcha-asia-discount.com/,+491805009825,"Bahnhofstraße 3, DE-66869 Kusel"
Dreiha Handels und Consulting Service e.K,https://www.wlw.de/de/firma/dreiha-handels-und-consulting-service-ek-1926268,http://www.mal-asia.de/,+4970719945187,"Steinlachstrasse 107, DE-72116 Mössingen"
Comic-Portal GbR,https://www.wlw.de/de/firma/comic-portal-gbr-1914227,https://comic-portal.net/,+4935132314841,"Peschelstrasse 33, DE-01139 Dresden"
K & D Backwaren oHG,https://www.wlw.de/de/firma/k-d-backwaren-ohg-1403550,http://www.kd-backwaren.de/,+4961097688600,"Bruno-Dreßler-Strasse 4a, DE-63477 Maintal"
Krüger Halbfabrikate GmbH,https://www.wlw.de/de/firma/krueger-halbfabrikate-gmbh-1593880,http://www.gesmaco.de/,+493628615141,"Quenselstrasse 5, DE-99310 Arnstadt"
Der Gutschmecker Bonbonladen & Feines Inh. Peter Hirche,https://www.wlw.de/de/firma/der-gutschmecker-bonbonladen-feines-inh-peter-hirche-1768074,http://www.gutschmecker.com/,+4946251813500,"Zur Treene 11, DE-24887 Hünning"
Kim Phi Asiafood GmbH,https://www.wlw.de/de/firma/kim-phi-asiafood-gmbh-1622105,https://www.mie-nudeln.de/,+492112396347,"Höherweg 313, DE-40231 Düsseldorf"
Lausitzer Delikatessen Inh. Jens Lunardon,https://www.wlw.de/de/firma/lausitzer-delikatessen-inh-jens-lunardon-1839449,http://www.lausitzer-delikatessen.de/,+493533510852,"Gordener Strasse 94, DE-04928 Plessa"
Bonbonladen & Feines,https://www.wlw.de/de/firma/bonbonladen-feines-1783892,http://www.gutschmecker.com/,+4943238038703,"Lindenallee 25, DE-24601 Ruhwinkel"
Salewski Feinkost GmbH,https://www.wlw.de/de/firma/salewski-feinkost-gmbh-1865767,http://www.elena-tk.de/,+492035521365,"Gelderblomstrasse 1, DE-47138 Duisburg"
The Lorenz Bahlsen Snack World GmbH & Co KG,https://www.wlw.de/de/firma/the-lorenz-bahlsen-snack-world-gmbh-co-kg-467844,http://www.lorenz-snackworld.de/,+4961022930,"Rathenaustrasse 54, DE-63263 Neu-Isenburg"
Meybona Schokoladenfabrik Meyerkamp GmbH & Co KG,https://www.wlw.de/de/firma/meybona-schokoladenfabrik-meyerkamp-gmbh-co-kg-376442,http://www.meybona.de/,+49573290500,"Alter Postweg 255, DE-32584 Löhne"
Kalle-Bäcker,https://www.wlw.de/de/firma/kalle-baecker-613084,http://www.kalle-baecker.de/,+49485195550,"Feldstrasse 58a, DE-25709 Marne"
C.F. Rolle GmbH Mühle,https://www.wlw.de/de/firma/cf-rolle-gmbh-muehle-433543,http://www.rolle-muehle.de/,+49372534730,"Zschopenthal 15, DE-09437 Waldkirchen"
Bäckerei-Konditorei Padeffke GmbH,https://www.wlw.de/de/firma/baeckerei-konditorei-padeffke-gmbh-1082184,http://www.baeckerei-padeffke.de/,+49747394420,"Im Bärengarten 6, DE-72116 Mössingen"
Bäckerei Schneider,https://www.wlw.de/de/firma/baeckerei-schneider-1091654,https://www.baecker-schneider.de/,+493490982127,"Töpferbergstrasse 32, DE-06385 Aken"
Mehlhorn Bautenschutz,https://www.wlw.de/de/firma/mehlhorn-bautenschutz-1126386,http://www.mehlhornbau.de/,+4938657002,"Straße der Jugend 18, DE-19075 Holthusen"
Vollwertbäcker Schneider KG,https://www.wlw.de/de/firma/vollwertbaecker-schneider-kg-388453,http://www.vollwertbaecker-schneider.de/,+498214552100,"Benzstrasse 1, DE-86356 Neusäß"
Mühle Steinmeyer Karin Steinmeyer Müllermeisterin,https://www.wlw.de/de/firma/muehle-steinmeyer-karin-steinmeyer-muellermeisterin-469707,https://www.muehle-steinmeyer.de/,+493371610770,"Ruhlsdorfer Chaussee 26, DE-14943 Luckenwalde"
Hubert Steffl,https://www.wlw.de/de/firma/hubert-steffl-1078258,http://www.hofbaeckerei-steingraber.de/,N/A,"Neuburgstrasse 2, DE-83620 Feldkirchen-Westerham"
Bäcker Bachmeier GmbH & Co. KG,https://www.wlw.de/de/firma/baecker-bachmeier-gmbh-co-kg-933852,N/A,N/A,N/A
Snackmaster Tiefkuehlprodukte GmbH & Co. KG,https://www.wlw.de/de/firma/snackmaster-tiefkuehlprodukte-gmbh-co-kg-1097161,http://www.schwarmstedter.de/,N/A,"Alter Heuweg 25, DE-29690 Schwarmstedt"
Otto Schall,https://www.wlw.de/de/firma/otto-schall-1093412,http://www.otto-schall.de/,N/A,"Meckenheimer Strasse 14, DE-67067 Ludwigshafen"
Insel-Bäckerei Helmut Börke & Sohn,https://www.wlw.de/de/firma/insel-baeckerei-helmut-boerke-sohn-1088384,http://www.inselbaeckerei-boerke.de/,N/A,"Osterstrasse 2, DE-23769 Fehmarn"
Münsterländer Wurst- und Fleischwaren GmbH & Co KG,https://www.wlw.de/de/firma/muensterlaender-wurst-und-fleischwaren-gmbh-co-kg-1089782,https://www.ms-laender.de/,+492561963990,"Von-Braun-Strasse 77, DE-48683 Ahaus"
De Heidbäcker GmbH,https://www.wlw.de/de/firma/de-heidbaecker-gmbh-1081990,http://www.heidbaecker.de/,+49413321300,"Hauptstrasse 43, DE-21357 Wittorf"
Bäckerei Konditorei Buchmüller,https://www.wlw.de/de/firma/baeckerei-konditorei-buchmueller-1082166,http://www.baeckerei-buchmueller.de/,+49632166093,"Kurpfalzstrasse 6, DE-67435 Neustadt"
Tenter’s Backhaus,https://www.wlw.de/de/firma/tenteras-backhaus-1079246,http://www.tenters-backhaus.de/,+4917216426,"Theodor-Barth-Strasse 19, DE-28307 Bremen"
Bäckerei Konditorei Café Herzog,https://www.wlw.de/de/firma/baeckerei-konditorei-cafe-herzog-1082265,https://cafe-altmuehlsee.de/,+499175308,"Hauptstrasse 11, DE-91720 Absberg"
Eberswalder Brot-und Feinbackwaren GmbH,https://www.wlw.de/de/firma/eberswalder-brot-und-feinbackwaren-gmbh-1085405,http://www.maerkisch-edel.de/,+493334270630,"Angermünder Strasse 50, DE-16227 Eberswalde"
Brotgarten GmbH & Co. KG,https://www.wlw.de/de/firma/brotgarten-gmbh-co-kg-1079744,http://www.brotgarten-kiel.de/,+49431579740,"Liebigstrasse 29, DE-24145 Kiel"
Bäckerei und Konditorei Heisters GmbH & Co. KG,https://www.wlw.de/de/firma/baeckerei-und-konditorei-heisters-gmbh-co-kg-1131705,http://www.baeckerei-heisters.de/,+492203966100,"Viehtrift 31, DE-51147 Köln"
Bäckerei Jaich GmbH,https://www.wlw.de/de/firma/baeckerei-jaich-gmbh-1203845,http://www.baeckerei-jaich.de/,+49462132280,"Friedrichstrasse 93, DE-24837 Schleswig"
Bäckerei Happ GmbH & Co. KG,https://www.wlw.de/de/firma/baeckerei-happ-gmbh-co-kg-1190245,http://www.baecker-happ.de/,+49665596210,"Fuldaer Strasse 13, DE-36119 Neuhof"
Zentis GmbH & Co. KG,https://www.wlw.de/de/firma/zentis-gmbh-co-kg-1245078,http://www.zentis.de/,+4924147600,"Jülicher Strasse 177, DE-52070 Aachen"
Bayernhof GmbH,https://www.wlw.de/de/firma/bayernhof-gmbh-1161757,http://www.bayernhof.de/,+499426852180,"Prof.-Reger-Strasse 22, DE-94339 Hankofen"
rosmarin BIOBACK OHG,https://www.wlw.de/de/firma/rosmarin-bioback-ohg-1271353,http://www.rosmarin-bioback.de/,+4954117333,"Hügelstrasse 65, DE-49088 Osnabrück"
Ralf Schneider Schneiders Backwaren,https://www.wlw.de/de/firma/ralf-schneider-schneiders-backwaren-1256559,http://www.schneiders-backwaren.de/,+497842995900,"Waldulmerstrasse 12, DE-77876 Kappelrodeck"
Fölster Lebensmittel-Großhandel GmbH,https://www.wlw.de/de/firma/foelster-lebensmittel-grosshandel-gmbh-1521996,http://www.foelster-wasbek.de/,+494321969671,"Schmalenbrook 8, DE-24647 Wasbek"
Getreidemühle Switalski,https://www.wlw.de/de/firma/getreidemuehle-switalski-1567856,http://www.switalski-muehle.de/,+4992192862,"Döhlau 8, DE-95466 Weidenberg"
H.J. Heinz GmbH,https://www.wlw.de/de/firma/hj-heinz-gmbh-1585672,http://sonnen-bassermann.de/,+49538171218,"Harzstrasse 10, DE-38723 Seesen"
MARZIALE COOLINARIA GmbH,https://www.wlw.de/de/firma/marziale-coolinaria-gmbh-1670045,http://www.marziale.de/,+497022218280,"Max-Born-Strasse 7, DE-72622 Nürtingen"
Bäckerei Herbert Meyer & Sohn GmbH,https://www.wlw.de/de/firma/baeckerei-herbert-meyer-sohn-gmbh-1085423,https://www.baeckerei-meyer.de/,+49583596950,"Hauptstrasse 46, DE-29399 Wahrenholz"
creativpartner Agentur für Werbung und Marketing GmbH,https://www.wlw.de/de/firma/creativpartner-agentur-fuer-werbung-und-marketing-gmbh-1061011,http://www.creativpartner.com/,+4985419679770,"Weidenhof 1, DE-94474 Vilshofen"
Rosenmühle GmbH,https://www.wlw.de/de/firma/rosenmuehle-gmbh-504368,https://www.rosenmehl.de/,+4987178090,"Meisenstrasse 32, DE-84030 Ergolding"
Backhaus Grimminger GmbH,https://www.wlw.de/de/firma/backhaus-grimminger-gmbh-1834696,http://www.backhaus-grimminger.de/,+4989939486910,"Heimstettener Strasse 1, DE-85599 Vaterstetten"
Abbelen GmbH,https://www.wlw.de/de/firma/abbelen-gmbh-325874,http://www.abbelen.de/,+49215697890,"Kempener Strasse 22, DE-47918 Tönisvorst"
Annaberger Backwaren GmbH,https://www.wlw.de/de/firma/annaberger-backwaren-gmbh-402845,http://www.annaberger-backwaren.de/,+4937335020,"Alte Königswalder Strasse 1, DE-09456 Annaberg-Buchholz"
Mühle Kottmann GmbH,https://www.wlw.de/de/firma/muehle-kottmann-gmbh-328375,N/A,+49218122790,"Brückenstrasse 2-6, DE-41516 Grevenbroich"
Jäckering Grund- und Rohstoffverarbeitung GmbH & Co. KG,https://www.wlw.de/de/firma/jaeckering-grund-und-rohstoffverarbeitung-gmbh-co-kg-324265,https://www.jaeckering.de/,+492381422114,"Vorsterhauser Weg 46, DE-59067 Hamm"
Säcke Hinrichs GmbH,https://www.wlw.de/de/firma/saecke-hinrichs-gmbh-349969,https://www.saecke-hinrichs.de/,+4942219329210,"Delmenhorster Strasse 330, DE-28816 Stuhr-Varrel"
Loryma GmbH,https://www.wlw.de/de/firma/loryma-gmbh-472445,http://www.loryma.de/,+49625117990,"Am Falltor 3, DE-64673 Zwingenberg"
Apetito Convenience AG & Co. KG,https://www.wlw.de/de/firma/apetito-convenience-ag-co-kg-323901,http://www.apetito.de/,+4959717990,"Bonifatiusstrasse 305, DE-48432 Rheine"
SPREEwaffel Berlin-Pankow GmbH,https://www.wlw.de/de/firma/spreewaffel-berlin-pankow-gmbh-457126,http://www.spreewaffel.de/,+49304720112,"Thulestrasse 28-30, DE-13189 Berlin"
Brandt Backwaren Vertriebs GmbH,https://www.wlw.de/de/firma/brandt-backwaren-vertriebs-gmbh-575489,http://brandt-zwieback.de/,+4923314770,"Enneper Strasse 152, DE-58135 Hagen"
Wikana Keks und Nahrungsmittel GmbH,https://www.wlw.de/de/firma/wikana-keks-und-nahrungsmittel-gmbh-456282,http://www.wikana.de/,+493491429860,"Dessauer Strasse 8, DE-06886 Lutherstadt Wittenberg"
Böklunder Fleischwarenfabrik GmbH & Co. KG,https://www.wlw.de/de/firma/boeklunder-fleischwarenfabrik-gmbh-co-kg-613431,http://www.boeklunder.de/,+494623770,"Gewerbestrasse 1, DE-24860 Böklund"
LARU GmbH,https://www.wlw.de/de/firma/laru-gmbh-620637,http://laru.de/de/index.html,+49204174730,"Weusterstrasse 25, DE-46240 Bottrop"
Bernhard Voss Bäckerei Betrieb GmbH & Co. KG,https://www.wlw.de/de/firma/bernhard-voss-baeckerei-betrieb-gmbh-co-kg-617595,http://www.baeckerei-voss.de/,+492553937620,"Teupenhook 1, DE-48607 Ochtrup"
Walter Schuh,https://www.wlw.de/de/firma/walter-schuh-623939,http://www.schuh-dortmund.de/,+49231212227,"Rüdigerstrasse 6, DE-44319 Dortmund"
Harry-Brot GmbH,https://www.wlw.de/de/firma/harry-brot-gmbh-607036,http://www.harry-brot.de/,+49309301014255,"Wolfener Strasse 14, DE-12681 Berlin"
"Simon Kraus GmbH Kunstmühle, Dachau Würmmühle",https://www.wlw.de/de/firma/simon-kraus-gmbh-kunstmuehle-dachau-wuermmuehle-1905057,http://wuermmuehle.de/,+49813115546,"Würmmühle 1, DE-85221 Dachau"
Wilhelm Prünte GmbH,https://www.wlw.de/de/firma/wilhelm-pruente-gmbh-658188,http://www.pruente-brot.de/,+49209947850,"An der Landwehr 1, DE-45883 Gelsenkirchen"
Angelika Rink,https://www.wlw.de/de/firma/angelika-rink-956230,http://www.rink-versand.de/,+497667940538,"Brünneleweg 9, DE-79206 Breisach"
Brezel Ecker GmbH,https://www.wlw.de/de/firma/brezel-ecker-gmbh-1078137,http://www.brezel-ecker.de/,+49684197160,"Vogelbacher Weg 90-92, DE-66424 Homburg"
The Lorenz Bahlsen Snack-World GmbH & Co KG,https://www.wlw.de/de/firma/the-lorenz-bahlsen-snack-world-gmbh-co-kg-941944,http://www.lorenz-snackworld.de/,+499672460,"Industriestrasse 11, DE-92431 Neunburg vorm Wald"
Ulmer GmbH,https://www.wlw.de/de/firma/ulmer-gmbh-1064662,http://www.baeckerei-ulmer.de/,+49754150260,"Am Rohrbach 12, DE-88045 Friedrichshafen"
Bäckerei Geisen GmbH,https://www.wlw.de/de/firma/baeckerei-geisen-gmbh-1091392,http://www.baeckerei-geisen.de/,+49262290380,"Fuchspfad 6, DE-56566 Neuwied"
KARL KEMPER Convenience GmbH,https://www.wlw.de/de/firma/karl-kemper-convenience-gmbh-1091382,http://www.karlkemper.de/,+4928619470,"Siemensstrasse 11, DE-46325 Borken"
REWE Markt GmbH,https://www.wlw.de/de/firma/rewe-markt-gmbh-1090187,https://shop.rewe.de/?ecid=dim_b2b_ls_wlw_generic_profil_nn_nn_pm01,+492211490,"Domstrasse 20, DE-50668 Köln"
Schmälzle Fleischwaren GmbH,https://www.wlw.de/de/firma/schmaelzle-fleischwaren-gmbh-1094148,http://www.schmaelzle.de/,+497121994240,"Gutenbergstrasse 20, DE-72793 Pfullingen"
Nordbräu Ingolstadt GmbH & Co. KG,https://www.wlw.de/de/firma/nordbraeu-ingolstadt-gmbh-co-kg-1145702,http://www.nordbraeu.de/,+49841955960,"Gutsstrasse 5, DE-85055 Ingolstadt"
Bäckerei + Konditorei Härle GmbH,https://www.wlw.de/de/firma/baeckerei-konditorei-haerle-gmbh-1079135,http://www.baeckerei-haerle.de/,+49832181958,"Sonthofener Strasse 11, DE-87544 Blaichach"
Peter Backwaren oHG,https://www.wlw.de/de/firma/peter-backwaren-ohg-1119244,http://www.baecker-peter.de/,+492018623330,"Zur Schmiede 13, DE-45141 Essen"
H. Jäckering GmbH & Co.KG,https://www.wlw.de/de/firma/h-jaeckering-gmbh-cokg-1125364,https://www.jaeckering.de/,+4925944057,"Lüdinghauser Strasse 119, DE-48249 Dülmen"
Jesuiten-Quelle Mineralbrunnen GmbH,https://www.wlw.de/de/firma/jesuiten-quelle-mineralbrunnen-gmbh-1248955,http://www.nordbraeu.de/,+49841955960,"Gutsstrasse 5, DE-85055 Ingolstadt"
BÄKO WEST eG Bäcker- und Konditorengenossenschaft,https://www.wlw.de/de/firma/baeko-west-eg-baecker-und-konditorengenossenschaft-1109976,http://www.baekowest.de/,+49215481020,"Linsellesstrasse 93, DE-47877 Willich"
Konditorei Brommler GmbH,https://www.wlw.de/de/firma/konditorei-brommler-gmbh-1255658,http://www.tiefkuehlkonditorei.de/,+498331990460,"Waldfriedhofstrasse 17, DE-87700 Memmingen"
Me.Ta. Import Export GmbH,https://www.wlw.de/de/firma/meta-import-export-gmbh-1397091,http://www.me-ta.de/,+496987001820,"Hanauer Landstrasse 208-216, DE-60314 Frankfurt"
Karl Preuß GmbH & Co.,https://www.wlw.de/de/firma/karl-preuss-gmbh-co-1519586,http://www.wez.de/,+4957139080,"Viktoriastrasse 27, DE-32423 Minden"
Gastro-Sun,https://www.wlw.de/de/firma/gastro-sun-1507670,https://www.gastro-sun.de/,+4936459554150,"Sophienstrasse 11, DE-99444 Blankenhain"
WEIHE GmbH,https://www.wlw.de/de/firma/weihe-gmbh-1523527,http://www.weihe.de/,+4930398900,"Beusselstrasse 44 N-Q, DE-10553 Berlin-Fruchthof"
Kurz-Mühlen GmbH & Co KG,https://www.wlw.de/de/firma/kurz-muehlen-gmbh-co-kg-1500442,http://www.kurz-muehlen.de/,+49833192440,"Max-Planck-Strasse 11, DE-87700 Memmingen"
Back&Frost Leipzig GmbH & Co. KG,https://www.wlw.de/de/firma/backfrost-leipzig-gmbh-co-kg-1577655,http://www.backundfrost.de/,+493420583800,"Bischofstrasse 23b, DE-04178 Leipzig"
Bäcker Andresen & Sohn oHG,https://www.wlw.de/de/firma/baecker-andresen-sohn-ohg-1519239,http://www.baecker-andresen.de/,+494321569690,"Haberstrasse 30, DE-24537 Neumünster"
Roland Mills West GmbH,https://www.wlw.de/de/firma/roland-mills-west-gmbh-1586036,http://www.millsunited.de/,+49236166080,"Am Stadthafen 22, DE-45663 Recklinghausen"
FORBRIGER BACKWAREN GMBH,https://www.wlw.de/de/firma/forbriger-backwaren-gmbh-1819375,http://www.baeckerei-forbriger.de/,+49376562318,"Obermylauer Weg 39, DE-08468 Reichenbach"
MySweetbox Inh. Birte Herrmann,https://www.wlw.de/de/firma/mysweetbox-inh-birte-herrmann-1849270,http://www.mysweetbox.de/,+494526307716,"Trentrade 29, DE-24326 Ascheberg"
Ursula Graf,https://www.wlw.de/de/firma/ursula-graf-1633480,http://www.graf-anlagen.de/,+498282828993,"Schloßberg 6, DE-86381 Krumbach"
Göing GmbH & Co. KG,https://www.wlw.de/de/firma/goeing-gmbh-co-kg-1861208,http://www.goeing.de/,+49511637070,"Beneckeallee 30, DE-30419 Hannover"
BARD-Metzgerei-Produkte GmbH,https://www.wlw.de/de/firma/bard-metzgerei-produkte-gmbh-1861297,http://www.bard-schnellekueche.de/,+49681998360,"Lyonerring 10, DE-66121 Saarbrücken"
Bäckerhaus Veit GmbH,https://www.wlw.de/de/firma/baeckerhaus-veit-gmbh-1861119,http://www.baeckerhaus-veit.de/,+49712393990,"Weidachstrasse 8, DE-72658 Bempflingen"
Mauel 1883 GmbH,https://www.wlw.de/de/firma/mauel-1883-gmbh-1861897,https://mauel1883.de/,+492225915000,"Mühlgrabenstrasse 3, DE-53340 Meckenheim"
MÜHLENWERKE STAHMELN GMBH,https://www.wlw.de/de/firma/muehlenwerke-stahmeln-gmbh-1814034,http://www.muehle-stahmeln.de/,+493414611956,"Mühlenstrasse 17, DE-04159 Leipzig"
Der Kalchreuther Bäcker M. Wiehgärtner GmbH,https://www.wlw.de/de/firma/der-kalchreuther-baecker-m-wiehgaertner-gmbh-1860691,http://www.der-kalchreuther-baecker.de/,+49912627890,"Orchideenstrasse 17, DE-90542 Eckental"
H. MATTHES & SÖHNE OHG SCHLOSSMÜHLE,https://www.wlw.de/de/firma/h-matthes-soehne-ohg-schlossmuehle-1819776,http://www.schloss-korn.de/,+496154624690,"Darmstädter Strasse 112, DE-64372 Ober-Ramstadt"
A. Schäfer Hehrmühle GmbH & Co. KG,https://www.wlw.de/de/firma/a-schaefer-hehrmuehle-gmbh-co-kg-1819625,http://www.hehrmuehle.de/,+496642919550,"Zur Hehrmühle, DE-36110 Schlitz-Bernshausen"
Roland Mills Ost GmbH & Co. KG,https://www.wlw.de/de/firma/roland-mills-ost-gmbh-co-kg-526648,https://www.rolandmillsunited.de/,+4936038540,"Tonnaer Strasse 22-23, DE-99947 Bad Langensalza"
Coppenrath Feingebäck GmbH,https://www.wlw.de/de/firma/coppenrath-feingebaeck-gmbh-479705,http://www.coppenrath-feingebaeck.de/,+495937390,"Telgweg 14, DE-49744 Geeste"
Geha Mühlen & Back GmbH,https://www.wlw.de/de/firma/geha-muehlen-back-gmbh-598216,http://www.geha-muehlen.de/,+49358764880,"Mühlbergstrasse 26, DE-02627 Weißenberg"
Frankmühle e.K. Inhaber Dominik Frank,https://www.wlw.de/de/firma/frankmuehle-ek-inhaber-dominik-frank-1397811,http://www.frankmuehle.de/,+49725297800,"Untere Mühlstrasse 2, DE-75015 Bretten"
Birkholz GmbH,https://www.wlw.de/de/firma/birkholz-gmbh-618793,http://www.snack-flitzer.de/,+49524195830,"Saturnweg 15, DE-33332 Gütersloh"
Philippi Mühle GmbH,https://www.wlw.de/de/firma/philippi-muehle-gmbh-605198,http://philippi-muehle.de/,+491733286476,"Mühlstrasse 46, DE-61137 Schöneck"
Arnold Mayer Mohrenköpfe GmbH & Co.KG,https://www.wlw.de/de/firma/arnold-mayer-mohrenkoepfe-gmbh-cokg-617940,http://www.mayer-junior.de/,+49421540218,"Rablinghauser Landstrasse 30, DE-28197 Bremen"
VALLOFOOD,https://www.wlw.de/de/firma/vallofood-22286458,N/A,N/A,"Wegsheidgasse 10, DE-6370 Kitzbühel"
Arcari Backwaren AG,https://www.wlw.de/de/firma/arcari-backwaren-ag-128498,http://www.arcari-ag.ch/,+41628914534,"Industriestrasse 5, CH-5604 Hendschiken"
Aksa GmbH Lebensmittel Großhandel,https://www.wlw.de/de/firma/aksa-gmbh-lebensmittel-grosshandel-20019919,https://aksagmbh.de/,+491753819980,"Rottstraße 23, DE-52068 Aachen"
Boulbi Automatenservice OG,https://www.wlw.de/de/firma/boulbi-automatenservice-og-20033608,https://www.snacktopia.at/,+436601065555,"Pachmanngasse 17-21/5/2, AT-1140 Wien, 14. Bezirk, Penzing"
Erste Raabser Walzmühle M. Dyk,https://www.wlw.de/de/firma/erste-raabser-walzmuehle-m-dyk-137991,http://www.dyk-mill.com/,+4328463700,"Hauptstrasse 26, AT-3820 Raabs an der Thaya"
Mühle Schlauersbach,https://www.wlw.de/de/firma/muehle-schlauersbach-1163377,http://volz-naturkost.de/,+499874340,"Schlauersbach 1, DE-91586 Lichtenau"
NP Nüsse Arbeitssicherheit GmbH,https://www.wlw.de/de/firma/np-nuesse-arbeitssicherheit-gmbh-977437,http://www.nuesse.de/,+49593184840,"Dieselstrasse 23, DE-49716 Meppen"
Mühle P. & G. Eppert,https://www.wlw.de/de/firma/muehle-p-g-eppert-1093916,http://www.muehle-eppert.de/,N/A,"Schützenstrasse 21, DE-45699 Herten"
Springer Bio-Backwerk GmbH & Co. KG,https://www.wlw.de/de/firma/springer-bio-backwerk-gmbh-co-kg-1089597,http://www.springer-bio-backwerk.de/,+49406559930,"Am Stadtrand 45, DE-22047 Hamburg"
Rupert Mahler Bäckerei Mahler,https://www.wlw.de/de/firma/rupert-mahler-baeckerei-mahler-1237478,http://www.baeckerei-mahler.de/,+4993812367,"Ringstrasse 5, DE-97332 Volkach"
Hennig`s Biogärtnerei & Glasatelier,https://www.wlw.de/de/firma/hennigs-biogaertnerei-glasatelier-1460307,http://www.hennig-biogaertnerei-glasatelier.de/,+493423603120,"Groitzscher Strasse 1b, DE-04838 Jesewitz"
Bäckerei Küster GmbH,https://www.wlw.de/de/firma/baeckerei-kuester-gmbh-1134856,N/A,N/A,"Hauptstrasse 35, DE-37083 Göttingen"
Jakob Blum Hofbräuhaus-Kunstmühle GmbH & CO KG,https://www.wlw.de/de/firma/jakob-blum-hofbraeuhaus-kunstmuehle-gmbh-co-kg-320477,http://www.hb-kunstmuehle.de/,+4989294222,"Neuturmstrasse 3, DE-80331 München"
CHELEE GmbH,https://www.wlw.de/de/firma/chelee-gmbh-1936081,http://www.chelee.de/,+494066999400,"Neuer Höltigbaum 9, DE-22143 Hamburg"
Backparadies Hug GmbH & Co. KG,https://www.wlw.de/de/firma/backparadies-hug-gmbh-co-kg-1080650,http://www.backparadies-hug.de/,+4962062001,"Otto-Hahn-Strasse 17a, DE-68623 Lampertheim"
medelia.de,https://www.wlw.de/de/firma/medeliade-1883487,http://medelia.de/,+494046950626,"Abendrothsweg 58, DE-20251 Hamburg"
Wetzel Karlsbader Oblaten- und Waffelfabrik GmbH,https://www.wlw.de/de/firma/wetzel-karlsbader-oblaten-und-waffelfabrik-gmbh-584174,http://www.wetzel-oblaten.de/,+4990718590,"Austrasse 5, DE-89407 Dillingen"
Salzwedeler Baumkuchenbetriebe Bosse GmbH,https://www.wlw.de/de/firma/salzwedeler-baumkuchenbetriebe-bosse-gmbh-1398076,N/A,N/A,"Tuchmacherstrasse 59, DE-29410 Salzwedel"
Winkler Mühle GmbH,https://www.wlw.de/de/firma/winkler-muehle-gmbh-1088508,http://www.xn--winklermhle-0hb.at/,+4374137075,"Mühlenstrasse 1, AT-3671 Marbach an der Donau"
Dirneder Mühle GmbH & Co KG,https://www.wlw.de/de/firma/dirneder-muehle-gmbh-co-kg-1087425,http://www.dirnedermuehle.at/,+437262525770,"Hafnerplatz 1, AT-4320 Perg"
"T. + M. Häusermann, Mühle Seengen",https://www.wlw.de/de/firma/t-m-haeusermann-muehle-seengen-134020,http://www.muehle-seengen.ch/,+41627771225,"Oberdorfstrasse 33, CH-5707 Seengen"
Anton Kittel Mühle Plaika GmbH,https://www.wlw.de/de/firma/anton-kittel-muehle-plaika-gmbh-1113639,http://www.kittelmuehle.at/,+4327576515,"Plaika 6, AT-3254 Bergland"
Kofmel Mühle,https://www.wlw.de/de/firma/kofmel-muehle-1574707,http://www.kofmelmuehle.ch/,+41326140003,"Mühleweg 1, CH-4543 Deitingen"
Uitz-Mühle Ges.m.b.H.,https://www.wlw.de/de/firma/uitz-muehle-gesmbh-135667,http://www.uitz-muehle.at/,+43351282686,"Weyerngasse 125, AT-8720 Knittelfeld"
Kunstmühle Johann Wieshofer St. Johann in Tirol,https://www.wlw.de/de/firma/kunstmuehle-johann-wieshofer-st-johann-in-tirol-646079,http://www.wieshofermuehle.at/,+43535262219,"Oberhofenweg 2, AT-6380 St. Johann"
Langer-Mühle e.U.,https://www.wlw.de/de/firma/langer-muehle-eu-1073221,http://www.langermuehle.at/,+4322755273,"Schubertstrasse 15, AT-3452 Atzenbrugg"
Prusik GmbH,https://www.wlw.de/de/firma/prusik-gmbh-115132,http://www.waffelprusik.at/,+4314862416,"Redtenbachergasse 57, AT-1160 Wien"
Haindlmühle,https://www.wlw.de/de/firma/haindlmuehle-1072301,http://www.haindlmuehle.at/,+43313552201,"Dorfstrasse 88, AT-8401 Kalsdorf bei Graz"
Klinger Mühle GmbH,https://www.wlw.de/de/firma/klinger-muehle-gmbh-645949,http://www.klinger-muehle.at/,N/A,"Fading 6, AT-4673 Gaspoltshofen"
MULTIFORSA,https://www.wlw.de/de/firma/multiforsa-134913,http://www.multiforsa.ch/,N/A,"Industriestrasse 9, CH-5644 Auw"
Wilhelm Moser Ges.mbH,https://www.wlw.de/de/firma/wilhelm-moser-gesmbh-1136358,https://www.moser-baecker.at/,N/A,"Karl-Schachinger-Strasse 2, AT-4070 Eferding"
SO Appenzeller Käse GmbH,https://www.wlw.de/de/firma/so-appenzeller-kaese-gmbh-1221403,http://www.appenzeller.ch/,N/A,"Poststrasse 12, CH-9050 Appenzell"
Josef Zucker & Co,https://www.wlw.de/de/firma/josef-zucker-co-121951,http://www.zuckermuehle.at/,+4325732265,"Mühlstrasse 1, AT-2193 Wilfersdorf"
Die Markenmacher,https://www.wlw.de/de/firma/die-markenmacher-20000501,http://www.snacks.co.at/,+4367763202239,"Zaubertal 33, AT-4320 Perg"
INTERMA ULUSLARARASI MUHENDISLIK DANISMANLIK LTD STI,https://www.wlw.de/de/firma/interma-uluslararasi-muhendislik-danismanlik-ltd-sti-22278584,https://www.interma.com.tr/,+905423705323,"Yavruturna Mahallesi Kulaksiz Sokak No:27-14, TR-19030 Merkez Corum"
Farmy AG,https://www.wlw.de/de/firma/farmy-ag-1841333,https://www.farmy.ch/,+41433008660,"Buckhauserstrasse 28, CH-8048 Zürich"
MEGGLE Intertrade GmbH,https://www.wlw.de/de/firma/meggle-intertrade-gmbh-1450012,http://www.meggle.at/,+431205107340,"Fleischmarkt 1 /6 /12, AT-1010 Wien"
Willi Grüninger AG,https://www.wlw.de/de/firma/willi-grueninger-ag-101750,http://www.grueningermuehlen.ch/,+41817201919,"Büntenrietstrasse, CH-8890 Flums"
Mühlebach AG,https://www.wlw.de/de/firma/muehlebach-ag-535307,http://www.muehlebach-muehle.ch/,+41562971040,"Mühleweg 3, CH-5303 Würenlingen"
Weinhandl-Mühle OG,https://www.wlw.de/de/firma/weinhandl-muehle-og-1214807,http://www.weinhandl-muehle.at/,+4334738286,"Dirnbach 12, AT-8345 Straden"
"BIO-HOFBÄCKEREI ""MAURACHER"" GMBH",https://www.wlw.de/de/firma/bio-hofbaeckerei-mauracher-gmbh-1916724,https://www.mauracherhof.com/,N/A,"Pogendorf 8, AT-4152 SARLEINSBACH"
"Mühle Fraubrunnen, Hans Messer & Co. AG",https://www.wlw.de/de/firma/muehle-fraubrunnen-hans-messer-co-ag-132489,http://www.muehle-fraubrunnen.ch/,+41317601020,"Mühlegasse 8, CH-3312 Fraubrunnen"
Zuckerfrei Store e.U.,https://www.wlw.de/de/firma/zuckerfrei-store-eu-1930843,https://zuckerfrei.store/,+4367764027060,"Anton Pirchegger-Weg 15, AT-8642 St. Lorenzen"
Yvis Rollende Jause Inh. Yvonne Heinz,https://www.wlw.de/de/firma/yvis-rollende-jause-inh-yvonne-heinz-1829119,http://www.yvisrollendejause.at/,+436641129160,"Haydnweg 2/8, AT-2435 Wienerherberg"
Karnerta GmbH,https://www.wlw.de/de/firma/karnerta-gmbh-1712112,http://www.karnerta.at/,+43463351530,"Südring 334, AT-9020 Klagenfurt"
OBERMÜHLE BOSWIL AG,https://www.wlw.de/de/firma/obermuehle-boswil-ag-1823948,http://www.obermuehle.ch/,+41566778080,"Oberdorf 43, CH-5623 Boswil"
Meisterfrost Tiefkühlkosterzeugungs- Gesellschaft m.b.H.,https://www.wlw.de/de/firma/meisterfrost-tiefkuehlkosterzeugungs-gesellschaft-mbh-184591,https://www.meisterfrost.at/,+433357437700,"Sinnersdorf 107, AT-7423 Sinnersdorf"
Jomo Zuckerbäckerei Gesellschaft m.b.H.,https://www.wlw.de/de/firma/jomo-zuckerbaeckerei-gesellschaft-mbh-166429,http://www.jomo.at/,+43226272366,"Korneuburger Strasse 37, AT-2100 Korneuburg"
Auer Brot GmbH,https://www.wlw.de/de/firma/auer-brot-gmbh-645924,http://www.auerbrot.at/,+433168040,"Dietrichsteinplatz 13, AT-8010 Graz"
Der Bäcker Ruetz GmbH,https://www.wlw.de/de/firma/der-baecker-ruetz-gmbh-645645,http://www.ruetz.at/,+43523222080,"Sportplatzweg 2, AT-6175 Kematen in Tirol"
GoodMills Österreich GmbH,https://www.wlw.de/de/firma/goodmills-oesterreich-gmbh-119093,http://www.goodmills.at/,+43170776910,"Schmidgasse 3-7, AT-2320 Schwechat"
Kloser's Bäckerei GmbH,https://www.wlw.de/de/firma/klosers-baeckerei-gmbh-646173,http://www.baeckerei-kloser.at/,+4355747605416,"Arlbergstrasse 123, AT-6900 Bregenz"
Rudolf Sailer Ges.m.b.H.,https://www.wlw.de/de/firma/rudolf-sailer-gesmbh-646105,http://www.baeckerei-sailer.at/,+4377242947,"Obermarkt 18, AT-5270 Mauerkirchen"
Leopold Hoffmann KG,https://www.wlw.de/de/firma/leopold-hoffmann-kg-773425,https://www.hoffmannmuehle.at/,+432538803150,"Mühlstrasse 2, AT-2263 Dürnkrut"
"Joast GmbH, Bäckerei-Konditorei-Cafe",https://www.wlw.de/de/firma/joast-gmbh-baeckerei-konditorei-cafe-1171957,http://www.joast.at/,+43485264525,"Bürgeraustrasse 20, AT-9900 Lienz"
Rosenfellner Mühle & Naturkost GmbH,https://www.wlw.de/de/firma/rosenfellner-muehle-naturkost-gmbh-620232,http://www.rosenfellner.at/,+43747742343,"An der Bahn 9, AT-3352 St. Peter in der Au"
Leitgebs Nudelspezialitäten aus dem Metnitztal OG,https://www.wlw.de/de/firma/leitgebs-nudelspezialitaeten-aus-dem-metnitztal-og-20008025,http://www.kaerntnernudel.co.at/,+436649188181,"Industriestraße 18, AT-9360 Friesach"
Ludwig Polsterer Vereinigte Walzmühlen Ges.m.b.H.,https://www.wlw.de/de/firma/ludwig-polsterer-vereinigte-walzmuehlen-gesmbh-1822169,http://www.lupo.at/,+43223085050,"Mühlstr. 3-4, AT-2431 Enzersdorf A.D. Fischa"
Vogtland BioMühlen GmbH,https://www.wlw.de/de/firma/vogtland-biomuehlen-gmbh-1544684,http://www.vogtlandbiomuehlen.de/,+49374170430,"Hauptstrasse 20, DE-08527 Plauen"
Altun Lebensmittel e.K.,https://www.wlw.de/de/firma/altun-lebensmittel-ek-1255956,http://www.altun-lebensmittel.de/,+49303951984,"Gaußstraße 7, DE-10589 Berlin"
Foothold UG,https://www.wlw.de/de/firma/foothold-ug-20033448,https://footholdug.bksites.net/,+4915145609481,"Max-Planck-Straße 28,28857 Syke, Germany, DE-28857 Syke"
Ramirez Handels GmbH,https://www.wlw.de/de/firma/ramirez-handels-gmbh-1934373,https://www.ramirezhandels-gmbh.de/,+4917643668430,"Tiefburgweg 6, DE-79279 Vörstetten"
Doppelpack Handels GmbH,https://www.wlw.de/de/firma/doppelpack-handels-gmbh-648293,http://www.doppel-pack.de/,+49304862810,"Lahnstrasse 33, DE-12055 Berlin"
Oderland Mühlenwerke Müllrose GmbH & Co. KG,https://www.wlw.de/de/firma/oderland-muehlenwerke-muellrose-gmbh-co-kg-406483,http://www.oderland-muehlenwerke.de/,+493360677490,"Frankfurter Strasse 1, DE-15299 Müllrose"
Hefe ARCK GmbH,https://www.wlw.de/de/firma/hefe-arck-gmbh-1113097,http://www.hefe-arck.de/,+49228748740,"Nelkenweg 13-15, DE-53123 Bonn"
Pfahnl Backmittel GmbH,https://www.wlw.de/de/firma/pfahnl-backmittel-gmbh-1540413,http://www.pfahnl.eu/,+4915208810870,"Wallemerweg 11, DE-56729 Ettringen"
Straubinger Mühle GmbH,https://www.wlw.de/de/firma/straubinger-muehle-gmbh-1040198,http://www.straubinger-muehle.de/,+4990902584,"Feldheimer Strasse 8, DE-86641 Rain"
Südhannoversche Mühlenwerke Engelke GmbH,https://www.wlw.de/de/firma/suedhannoversche-muehlenwerke-engelke-gmbh-358147,http://www.shm-muehle.de/,+49534183230,"Mühle Ringelheim 1, DE-38259 Salzgitter"
Weissachmühle GmbH,https://www.wlw.de/de/firma/weissachmuehle-gmbh-1079134,http://www.weissachmuehle.de/,+49838693330,"Mühlenstrasse 15, DE-87534 Oberstaufen"
Horbacher Mühle,https://www.wlw.de/de/firma/horbacher-muehle-1458304,http://www.horbacher-muehle.de/,+492247300102,"Oberhorbacher Strasse 25, DE-53819 Neunkirchen-Seelscheid"
Heimatsmühle (Max Ladenburger Söhne Heimatsmühle GmbH & Co. KG),https://www.wlw.de/de/firma/heimatsmuehle-max-ladenburger-soehne-heimatsmuehle-gmbh-co-kg-595102,http://www.heimatsmuehle.com/,+49736191510,"Heimatsmühle 1, DE-73433 Aalen"
Karl Bindewald Kupfermühle GmbH,https://www.wlw.de/de/firma/karl-bindewald-kupfermuehle-gmbh-627633,http://www.bindewald.de/,+4963524060,"Kupfermühle, DE-67294 Bischheim"
Bliesmühle GmbH,https://www.wlw.de/de/firma/bliesmuehle-gmbh-375892,http://www.juchem.de/,+49684292210,"Mühlenweg 4, DE-66440 Blieskastel"
Friedrich Wilhelm Borgstedt Milser Mühle GmbH,https://www.wlw.de/de/firma/friedrich-wilhelm-borgstedt-milser-muehle-gmbh-623831,http://www.milser-muehle.de/,+49521977310,"Mehlstrasse 25, DE-33729 Bielefeld"
Mühle St. Johann,https://www.wlw.de/de/firma/muehle-st-johann-1542183,http://www.muehle-st-johann.com/,+4986629328,"Mühlenstrasse 25, DE-83313 Siegsdorf"
Interquell GmbH,https://www.wlw.de/de/firma/interquell-gmbh-483350,http://www.interquell.de/,+49820396010,"Bahnhofstrasse 94, DE-86845 Großaitingen"
Spielberger GmbH,https://www.wlw.de/de/firma/spielberger-gmbh-1244491,https://www.spielberger-muehle.de/,+49713598150,"Burgermühle, DE-74336 Brackenheim"
"Franzmühle, Inhaber Franz Gläser",https://www.wlw.de/de/firma/franzmuehle-inhaber-franz-glaeser-1056519,http://www.franzmuehle.de/,+493662120284,"Gippe 1, DE-07985 Elsterberg"
Gründleinsmühle GmbH,https://www.wlw.de/de/firma/gruendleinsmuehle-gmbh-1533002,http://www.gruendleinsmuehle.de/,+4993812444,"Gründleinsstrasse 5, DE-97332 Volkach"
Vogtmühlen Illertissen GmbH & Co. KG,https://www.wlw.de/de/firma/vogtmuehlen-illertissen-gmbh-co-kg-1525146,http://www.vogtmuehlen.de/,+49730396950,"Memmingerstrasse 28-30, DE-89257 Illertissen"
Neumühle Skassa GmbH,https://www.wlw.de/de/firma/neumuehle-skassa-gmbh-1744709,http://www.neumuehle-skassa.de/,+493522501265,"Zur Neumühle 2, DE-01558 Großenhain"
Eduard Schulze Mühlenwerke GmbH,https://www.wlw.de/de/firma/eduard-schulze-muehlenwerke-gmbh-456899,N/A,N/A,"Weidaer Strasse 3, DE-07570 Wünschendorf"
KaraMehl GmbH,https://www.wlw.de/de/firma/karamehl-gmbh-20030525,https://karamehl.com/,+491775049041,"Auf der Eierwiese 3A, DE-82031 Grünwald"
SchapfenMühle GmbH & Co. KG,https://www.wlw.de/de/firma/schapfenmuehle-gmbh-co-kg-865994,http://www.schapfenmuehle.de/,+49731967460,"Franzenhauserweg 21, DE-89081 Ulm"
Wilhelm Ströh jun. GmbH & Co. KG,https://www.wlw.de/de/firma/wilhelm-stroeh-jun-gmbh-co-kg-1104774,http://www.stroeh-hobbersdorf.de/,+49450480090,"Am Mühlenberg 4, DE-23689 Hobbersdorf"
Cramer Mühle KG,https://www.wlw.de/de/firma/cramer-muehle-kg-1525520,http://www.cramermuehle.de/,+499721646330,"Maininsel 3, DE-97424 Schweinfurt"
Getreidemühle Oberjesingen e.G.,https://www.wlw.de/de/firma/getreidemuehle-oberjesingen-eg-610407,http://www.getreidemuehle-oberjesingen.de/,+49703231414,"Enzstrasse 29, DE-71083 Herrenberg"
Geßmann K. u. E. GmbH,https://www.wlw.de/de/firma/gessmann-k-u-e-gmbh-1129420,http://www.muehle-gessmann.de/,+497131203990,"Mühlgasse 16, DE-74211 Leingarten"
Flechtorfer Mühle Walter Thönebe GmbH,https://www.wlw.de/de/firma/flechtorfer-muehle-walter-thoenebe-gmbh-358142,http://www.flechtorfer-muehle.de/,+49530893000,"Alte Braunschweiger Strasse 31, DE-38165 Lehre"
Johann Bürfent GmbH,https://www.wlw.de/de/firma/johann-buerfent-gmbh-1143354,http://www.buerfent.com/,+492236929400,"Emil-Hoffmann-Strasse 47, DE-50996 Köln"
Siegle GmbH,https://www.wlw.de/de/firma/siegle-gmbh-1529475,http://www.siegle-zechlesmuehle.de/,+497156958312,"Zechlesmühle 1, DE-71254 Ditzingen"
ceresan Erfurt GmbH,https://www.wlw.de/de/firma/ceresan-erfurt-gmbh-1831397,http://www.ceresan-erfurt.de/,+49342057900,"Leipziger Strasse 67, DE-04420 Markranstädt"
Mühle Rüningen GmbH & Co. KG,https://www.wlw.de/de/firma/muehle-rueningen-gmbh-co-kg-607650,http://www.muehle-rueningen.de/,+4953128880,"Berkenbuschstrasse 9-15, DE-38122 Braunschweig"
Saalemühle Alsleben GmbH,https://www.wlw.de/de/firma/saalemuehle-alsleben-gmbh-544640,http://www.saalemuehle.de/,+49346922630,"Bernburger Strasse 35 b, DE-06425 Alsleben (Saale)"
GoodMills Deutschland GmbH Aurora Mühle Hamburg,https://www.wlw.de/de/firma/goodmills-deutschland-gmbh-aurora-muehle-hamburg-609965,https://www.goodmills.de/,+49407510901,"Trettaustrasse 49, DE-21107 Hamburg"
Hildebrandmühlen Frankfurt,https://www.wlw.de/de/firma/hildebrandmuehlen-frankfurt-1258661,http://www.hildebrandmuehlen.de/,+4969407200,"Franziusstrasse 15, DE-60314 Frankfurt"
Störrmühle GmbH,https://www.wlw.de/de/firma/stoerrmuehle-gmbh-1261296,http://www.stoerrmuehle.de/,+497043941020,"Störrmühle 1, DE-75438 Knittlingen"
Osben Export Import Broker,https://www.wlw.de/de/firma/osben-export-import-broker-20014657,https://osbenexportimport.com/?utm_source=osbenexportimport.com%2F,+4915219333507,"Bruchstr. 106, DE-40235 Düsseldorf"
Antersdorfer Mühle GmbH & Co. Vertriebs KG,https://www.wlw.de/de/firma/antersdorfer-muehle-gmbh-co-vertriebs-kg-913366,http://www.antersdorfer-muehle.de/,+498571602090,"Antersdorf 21, DE-84359 Simbach"
interback Niederrhein Backbedarf GmbH,https://www.wlw.de/de/firma/interback-niederrhein-backbedarf-gmbh-618777,http://www.interback-niederrhein.de/,+492173270490,"Grünewaldstrasse 31, DE-40764 Langenfeld"
E. Romberg GmbH,https://www.wlw.de/de/firma/e-romberg-gmbh-462462,http://www.romberg-muehle.de/,+49292487180,"Bundesstrasse 22, DE-59519 Möhnesee-Wippringsen"
Deller-Mühle KG,https://www.wlw.de/de/firma/deller-muehle-kg-1078735,http://www.dellermuehle.de/,+4962317913,"Hauptstrasse 1, DE-67126 Hochdorf-Assenheim"
HANSE KONTOR KIEL Ralf Dose,https://www.wlw.de/de/firma/hanse-kontor-kiel-ralf-dose-1730860,http://www.hanse-kontor-kiel.de/,+4943153778860,"Stamper Weg 4, DE-24109 Kiel"
Wiesneth-Mühle GmbH,https://www.wlw.de/de/firma/wiesneth-muehle-gmbh-1164270,http://www.wiesneth-muehle.de/,+49950294000,"Sambach 3, DE-96178 Pommersfelden"
LuckyBack GmbH,https://www.wlw.de/de/firma/luckyback-gmbh-1400227,http://www.luckyvital.de/,+498261737071,"Hochvogelstrasse 9, DE-87778 Stetten"
Gusto AG,https://www.wlw.de/de/firma/gusto-ag-1023431,http://www.gusto-ag.de/,+49808494890,"Gustostrasse 1, DE-84432 Hohenpolding"
GoodMills Deutschland GmbH,https://www.wlw.de/de/firma/goodmills-deutschland-gmbh-607541,http://www.kampffmeyer.de/,+49407510951,"Haulander Hauptdeich 2, DE-21107 Hamburg"
LIRS Agrar- und Dienstleistungs GmbH,https://www.wlw.de/de/firma/lirs-agrar-und-dienstleistungs-gmbh-1124144,http://www.dehner-agrar.de/,+49392459420,"Lindenstrasse 5, DE-39279 Rosian"
Harald Gruber,https://www.wlw.de/de/firma/harald-gruber-1267882,http://www.die-lettenmuehle.de/,+4998255767,"Lettenmühle 1, DE-91572 Bechhofen"
STEFAN STEINMETZ GmbH & Co. KG,https://www.wlw.de/de/firma/stefan-steinmetz-gmbh-co-kg-1099942,http://stefan-steinmetz.de/,+494086647393,"Ehrenbergstrasse 33, DE-22767 Hamburg"
Steinbacher Mühle GmbH,https://www.wlw.de/de/firma/steinbacher-muehle-gmbh-1194035,http://www.steinbacher-muehle.de/,+499815799,"Am Mühlbach 2, DE-91623 Sachsen"
Mayer Mühle OHG,https://www.wlw.de/de/firma/mayer-muehle-ohg-1702937,http://www.mayer-muehle.de/,+497774243,"Heidenschloßweg 10, DE-78359 Orsingen-Nenzingen"
Buir-Bliesheimer Agrargenossenschaft eG,https://www.wlw.de/de/firma/buir-bliesheimer-agrargenossenschaft-eg-1587450,http://www.buir-bliesheimer.de/,+49242694010,"Bahnhofstrasse 70, DE-52388 Nörvenich"
Bruckmayer Mühle GmbH & Co. KG,https://www.wlw.de/de/firma/bruckmayer-muehle-gmbh-co-kg-1524850,http://www.bruckmayer-muehle.de/,+4986716989,"Wöhrstrasse 1, DE-84503 Altötting"
Backring Rhein-Berg Albert Müller GmbH,https://www.wlw.de/de/firma/backring-rhein-berg-albert-mueller-gmbh-1147992,http://www.albertmueller.de/,+49220497280,"Schulstrasse 24, DE-51491 Overath"
Hermann-Josef Lammerkamp Mahl- und Mischservice e. K.,https://www.wlw.de/de/firma/hermann-josef-lammerkamp-mahl-und-mischservice-e-k-620245,http://www.lammerkamp.de/,N/A,"Ickerner Strasse 120, DE-45731 Waltrop"
Leinemühle Niedergandern H. Bunte GmbH,https://www.wlw.de/de/firma/leinemuehle-niedergandern-h-bunte-gmbh-1150334,http://www.leinemuehle.de/,+495504258,"Niedergandern 1, DE-37133 Friedland"
Gül Lebensmittelgroßhandel,https://www.wlw.de/de/firma/guel-lebensmittelgrosshandel-1750988,http://www.backbedarf-ulm.de/,+4973197566501,"Pfaffenweg 38, DE-89231 Neu-Ulm"
Hainmühle GmbH,https://www.wlw.de/de/firma/hainmuehle-gmbh-1086532,http://www.bio1.de/,+499173855,"Münchener Strasse 26, DE-91177 Thalmässing"
Döscher Microwave Systems GmbH - industrielle Feuchtemessung,https://www.wlw.de/de/firma/doescher-microwave-systems-gmbh-industrielle-feuchtemessung-665764,http://www.doeschersystems.com/,+494087976770,"Siemensstrasse 11, DE-25462 Rellingen"
Hainmühle GmbH,https://www.wlw.de/de/firma/hainmuehle-gmbh-1201784,http://www.bio1.de/,+498423509,"Hainmühle 1, DE-85135 Titting"
MPF GmbH,https://www.wlw.de/de/firma/mpf-gmbh-961995,http://www.mpfgmbh.de/,+492526939955,"Telgter Strasse 12, DE-48324 Sendenhorst"
BÄKO Thüringen eG,https://www.wlw.de/de/firma/baeko-thueringen-eg-1174108,http://www.baeko-thueringen.de/,+49362035520,"Gewerbestrasse 3, DE-99098 Erfurt"
Mynatura by Christian Jeske,https://www.wlw.de/de/firma/mynatura-by-christian-jeske-1933523,https://mynatura.eu/,+4928589178255,"An der alten Bergschule 15, DE-46569 Hünxe"
AVENA Cerealien GmbH,https://www.wlw.de/de/firma/avena-cerealien-gmbh-1079740,http://www.avena-flocke.de/,+493879790400,"Mühlenstrasse 1C, DE-19357 Karstädt"
Karl-Heinz Ehlken GmbH & Co. KG,https://www.wlw.de/de/firma/karl-heinz-ehlken-gmbh-co-kg-1574075,http://www.kh-ehlken.de/,+4947177039,"An der Packhalle VI, DE-27572 Bremerhaven"
Bernhard Riefer,https://www.wlw.de/de/firma/bernhard-riefer-1240594,https://www.xn--bckerei-riefer-5hb.de/,+4968252667,"Bahnhofstrasse 36, DE-66589 Merchweiler"
Gebr.Engelke Große Mühle Hasede-Hildesheim GmbH & Co. KG,https://www.wlw.de/de/firma/gebrengelke-grosse-muehle-hasede-hildesheim-gmbh-co-kg-458807,http://www.gebr-engelke.de/,+495121775550,"Mühlenstrasse 4, DE-31180 Giesen-Hasede"
Eickernmühle GmbH,https://www.wlw.de/de/firma/eickernmuehle-gmbh-617638,https://www.eickernmuehle.de/,N/A,"Voßheider Strasse 140, DE-32657 Lemgo"
Flammkuchen24 by AVC Added Value Concept GmbH,https://www.wlw.de/de/firma/flammkuchen24-by-avc-added-value-concept-gmbh-1866201,http://flammkuchen24.de/,+4972118054160,"Sinnerstrasse 1, DE-76185 Karlsruhe"
Brotstation UG (Haftungsbeschränkt),https://www.wlw.de/de/firma/brotstation-ug-haftungsbeschraenkt-1080962,http://www.muehlenladen.com/,+4915123001435,"Landshuter Strasse 71, DE-84051 Ohu/Essenbach"
Granny's eFood GmbH,https://www.wlw.de/de/firma/grannys-efood-gmbh-1848985,http://www.grannys-efood.com/,+4971188773207,"Schweitzerstrasse 47, DE-70619 Stuttgart"
Getreidemühle Knecht GmbH & Co. KG,https://www.wlw.de/de/firma/getreidemuehle-knecht-gmbh-co-kg-1250809,http://www.knecht-muehle.de/,+49602231200,"Mühlstrasse 7, DE-63785 Obernburg"
Mike Rührmann,https://www.wlw.de/de/firma/mike-ruehrmann-469539,http://www.oeko-muehle.de/,+493422340447,"Dahlenberger Weg 1, DE-04880 Trossin"
Fatih Gül,https://www.wlw.de/de/firma/fatih-guel-1729446,http://www.backbedarf-ulm.de/,N/A,"Pfaffenweg 38, DE-89231 Neu-Ulm"
Reinhard Kassel Christian Kassel Müllerei,https://www.wlw.de/de/firma/reinhard-kassel-christian-kassel-muellerei-428950,http://www.muehle-steinlah.de/,+49534133237,"Mühlenweg 3, DE-38275 Haverlah"
RNK Impex GmbH,https://www.wlw.de/de/firma/rnk-impex-gmbh-20016682,https://impex-rnk.de/,+492115280538,"Lindenstr. 48-52, DE-40233 Düsseldorf"
Webermühle GmbH,https://www.wlw.de/de/firma/webermuehle-gmbh-405447,http://www.webermuehle.de/,+49372065221,"Dorfstrasse 39, DE-09577 Niederwiesa"
Linder-Mühle GmbH,https://www.wlw.de/de/firma/linder-muehle-gmbh-1644497,http://www.lindermuehle.de/,+4997611702,"Obermühle 6, DE-97633 Sulzfeld"
Otto Crienitz KG,https://www.wlw.de/de/firma/otto-crienitz-kg-484152,http://www.otto-crienitz-kg.de/,+493660388231,"Am Mühlgraben 4, DE-07570 Wünschendorf"
Nabuko Bio Großverbraucher-Service,https://www.wlw.de/de/firma/nabuko-bio-grossverbraucher-service-1121467,http://www.nabuko-biogvs.de/,+49581976180,"Von-Estorff-Strasse 26-30, DE-29525 Uelzen"
Kraus-Mühle GmbH,https://www.wlw.de/de/firma/kraus-muehle-gmbh-1745487,N/A,+4996132287,"Neustädter Strasse 52, DE-92637 Weiden"
Produktion und Vertrieb KAMPFFMEYER Nachf. GmbH,https://www.wlw.de/de/firma/produktion-und-vertrieb-kampffmeyer-nachf-gmbh-1265735,http://www.kampffmeyer-cibaria.de/,+494541857080,"Heinrich-Hertz-Strasse 25, DE-23909 Ratzeburg"
Hanseaticstar Trading UG (haftungsbeschränkt) & Co. KG,https://www.wlw.de/de/firma/hanseaticstar-trading-ug-haftungsbeschraenkt-co-kg-1712644,http://www.hanseaticstar.com/,+4915759179292,"Hein-Hoyer-Strasse 40, DE-20359 Hamburg"
Rahmer Mühle GmbH & Co. KG,https://www.wlw.de/de/firma/rahmer-muehle-gmbh-co-kg-876390,http://www.rahmer-muehle.de/,+497131898770,"Horkheimer Strasse 67-71, DE-74081 Heilbronn"
TAMPIERI SPA,https://www.wlw.de/de/firma/tampieri-spa-20013204,http://www.tampieri.com/,+390546645411,"Via Granarolo, 177/3, IT-48018 Faenza"
moland GmbH & Co. KG,https://www.wlw.de/de/firma/moland-gmbh-co-kg-1121578,http://moland.de/,+49245296750,"Selstener Strasse 48, DE-52525 Waldfeucht-Selsten"
IDEAL Gastronomie Grosshandel,https://www.wlw.de/de/firma/ideal-gastronomie-grosshandel-1435585,http://www.idealgastro.de/,+497572764187,"Fabrikstrasse 8, DE-88512 Mengen"
Viktor Nußbaumer Bestes für Küche und Gastlichkeit GmbH & Co.KG,https://www.wlw.de/de/firma/viktor-nussbaumer-bestes-fuer-kueche-und-gastlichkeit-gmbh-cokg-1221182,http://www.nussbaumer.de/,+49936798400,"Industriepark 1, DE-97273 Kürnach"
GenussReich Odenwald UG,https://www.wlw.de/de/firma/genussreich-odenwald-ug-1742167,http://www.genussreich-odenwald.de/,+496254940382,"Am Lösch 6, DE-64686 Lautertal"
Münchner Kindl Gastro Service Vertriebs GmbH,https://www.wlw.de/de/firma/muenchner-kindl-gastro-service-vertriebs-gmbh-1710204,http://xn--mnchner-kindl-wob.biz/,+4989878026,"Neidensteiner Strasse 10, DE-81243 München"
Merten & Pusch GmbH,https://www.wlw.de/de/firma/merten-pusch-gmbh-904640,http://www.merten-pusch-gmbh.de/,+49231171117,"Beratgerstrasse 21, DE-44149 Dortmund"
Kärntner Mühle Kropfitsch und Glanzer GmbH,https://www.wlw.de/de/firma/kaerntner-muehle-kropfitsch-und-glanzer-gmbh-117459,http://www.kropfitschmehl.at/,+43463281370,"Keutschacher Strasse 60, AT-9073 Klagenfurt"
Bauermühle Inh. Heiko Bauer,https://www.wlw.de/de/firma/bauermuehle-inh-heiko-bauer-592361,http://www.muehlenshop.de/,N/A,"Mühle 14, DE-96257 Redwitz"
Milchhof Annaberg-Buchholz GmbH,https://www.wlw.de/de/firma/milchhof-annaberg-buchholz-gmbh-1105393,http://www.milchhof-annaberg.de/,+49373367730,"Schlachthofstrasse 6, DE-09456 Annaberg-Buchholz"
CityMuehle-Augsburg,https://www.wlw.de/de/firma/citymuehle-augsburg-1435432,http://www.citymuehle-augsburg.de/,+498215087148,"Oberer Graben 25, DE-86152 Augsburg"
Knollmühle GmbH,https://www.wlw.de/de/firma/knollmuehle-gmbh-129212,http://www.knollmuehle.at/,+43723722050,"Gusentalstrasse 51, AT-4222 St. Georgen an der Gusen"
Franz Brandstetter GmbH & Co KG,https://www.wlw.de/de/firma/franz-brandstetter-gmbh-co-kg-127776,http://www.f-brandstetter.at/,+4372592304,"Aschach an der Steyr 91, AT-4421 Aschach an der Steyr"
Bruggmühle Egg Ges.mbH,https://www.wlw.de/de/firma/bruggmuehle-egg-gesmbh-770382,http://bruggmuehle.at/,+4355122202,"Gerbe 24, AT-6863 Egg"
Biomühle Hans Hofer GmbH,https://www.wlw.de/de/firma/biomuehle-hans-hofer-gmbh-162639,http://www.biomuehle.at/,+43262275388,"Michael Hofer-Strasse 133, AT-2493 Lichtenwörth"
Alb. Lehmann Lindmühle AG,https://www.wlw.de/de/firma/alb-lehmann-lindmuehle-ag-126298,https://www.lindmuehle.ch/de/index.php,+41562014020,"Lindmüliweg 5, CH-5413 Birmenstorf"
backaldrin Suisse AG,https://www.wlw.de/de/firma/backaldrin-suisse-ag-112416,http://www.backaldrin.ch/,+41522026431,"Neumühlestrasse 40, CH-8406 Winterthur"
Stricker & Cie. AG,https://www.wlw.de/de/firma/stricker-cie-ag-132498,http://www.strickermuehle.ch/,+41817716077,"Wispel 1, CH-9472 Grabs"
Franz FORSTNER GmbH & Co. KG,https://www.wlw.de/de/firma/franz-forstner-gmbh-co-kg-646244,http://www.forstnermuehle.at/,+4372278103,"Mühlenstrasse 30, AT-4502 St. Marien"
Meyerhans Hotz AG,https://www.wlw.de/de/firma/meyerhans-hotz-ag-106112,http://www.meyho.ch/,+41716263535,"Industriestrasse 55, CH-8570 Weinfelden"
"Gebr. Augsburger AG, Rhonemühle Naters",https://www.wlw.de/de/firma/gebr-augsburger-ag-rhonemuehle-naters-124574,http://www.rhonemuehle.ch/,+41279221665,"Mühleweg 2, CH-3904 Naters"
Freidl Mühle Andreas Wagner,https://www.wlw.de/de/firma/freidl-muehle-andreas-wagner-1385024,http://www.freidl-muehle.at/,+436603442709,"Königsbrunnerstraße 4, AT-2202 Enzersfeld"
Mühle Kleeb AG,https://www.wlw.de/de/firma/muehle-kleeb-ag-128039,http://www.muehle-kleeb.ch/,+41344611411,"Mühle, CH-3418 Rüegsbach"
Josef Leimüller GmbH,https://www.wlw.de/de/firma/josef-leimueller-gmbh-1088011,http://www.leimueller.info/,+4362165234,"Mühlgasse 12, AT-5202 Neumarkt"
Wiesbauer - Mühle GmbH,https://www.wlw.de/de/firma/wiesbauer-muehle-gmbh-153599,http://www.wiesbauer-muehle.at/,+4377582210,"Mühlberg 3, AT-4982 Mörschwang"
Sturm-Mühle Gesellschaft mbH & Co.KG,https://www.wlw.de/de/firma/sturm-muehle-gesellschaft-mbh-cokg-646536,http://www.sturm-muehle.at/,+43662850346,"Grünauerstrasse 23, AT-5071 Wals"
Meyerhans Mühlen AG,https://www.wlw.de/de/firma/meyerhans-muehlen-ag-106728,http://www.meyerhans-muehlen.ch/,+41566186817,"Mühlenstrasse 7, CH-5612 Villmergen"
Sierndorfer Walzmühle Franz Assmann e.U.,https://www.wlw.de/de/firma/sierndorfer-walzmuehle-franz-assmann-eu-145968,http://www.assmann-muehle.at/,+436649200174,"Wiener Strasse 32, AT-2011 Sierndorf"
Haberfellner Mühle GmbH,https://www.wlw.de/de/firma/haberfellner-muehle-gmbh-157173,http://www.muehle.at/,+43724862683,"Leopold-Haberfellner-Platz 1, AT-4710 Grieskirchen"
Alfred Niederl,https://www.wlw.de/de/firma/alfred-niederl-1099460,http://www.niederl-muehle.at/,+4334722455,"Au 68, AT-8093 St. Peter am Ottersbach"
Witzmann-Mühle GmbH,https://www.wlw.de/de/firma/witzmann-muehle-gmbh-143609,http://www.witzmann-muehle.com/,+4377557352,"Dötting 6, AT-5252 Aspach"
Intermill AG,https://www.wlw.de/de/firma/intermill-ag-134014,http://www.intermill.ch/,+41627395050,"Industriestrasse 10, CH-5745 Safenwil"
Primefood SA,https://www.wlw.de/de/firma/primefood-sa-114439,http://www.primefood.ch/,+41916001080,"via Pradello, CH-6934 Bioggio"
Franz Josef Renzl,https://www.wlw.de/de/firma/franz-josef-renzl-761138,http://renzl-muhle.webnode.at/,+4362778177,"Eggenham 2, AT-5131 Franking"
Schalk Mühle Gmbh & Co KG,https://www.wlw.de/de/firma/schalk-muehle-gmbh-co-kg-646672,https://www.schalk-muehle.at/,+4333853120,"Kalsdorf 18, AT-8262 Ilz"
RUPP FOOD Austria GmbH,https://www.wlw.de/de/firma/rupp-food-austria-gmbh-111018,https://www.ruppfood.com/,+435573821270,"Herrnmühlestrasse 40, AT-6912 Hörbranz"
LÄNDLE PELLETS,https://www.wlw.de/de/firma/laendle-pellets-1621850,https://www.laendlepellets.at/,+435522723610,"Reichsstrasse 139, AT-6800 Feldkirch"
Vöcklabrucker Kunstmühle R. Kunz-Crippa und R. Kunz GmbH & Co KG,https://www.wlw.de/de/firma/voecklabrucker-kunstmuehle-r-kunz-crippa-und-r-kunz-gmbh-co-kg-1069174,http://www.muehle-vkm.com/,+437672724050,"Parkstrasse 12, AT-4840 Vöcklabruck"
Mulino Maroggia SA,https://www.wlw.de/de/firma/mulino-maroggia-sa-132521,http://www.mulinomaroggia.ch/,+41916497502,"Ai Molini, CH-6817 Maroggia"
Sierninger-Kunstmühle GesmbH,https://www.wlw.de/de/firma/sierninger-kunstmuehle-gesmbh-646297,http://www.kunstmuehle.co.at/,+43725921070,"Mühlberg 46, AT-4522 Sierning"
"Beck & Cie AG, Mühle Landshut",https://www.wlw.de/de/firma/beck-cie-ag-muehle-landshut-969485,http://www.muehle-landshut.ch/,+41326654141,"Landshutstrasse 30, CH-3427 Utzenstorf"
Trenau Mühle e.U.,https://www.wlw.de/de/firma/trenau-muehle-eu-127728,http://www.trenaumuehle.at/,+4376846318,"Mösendorf 3, AT-4890 Frankenmarkt"
Berghofer Mühle GmbH,https://www.wlw.de/de/firma/berghofer-muehle-gmbh-1706713,http://www.berghofer-muehle.at/,+43315522220,"Bahnhofstrasse 25, AT-8350 Fehring"
Niederlmühle GmbH,https://www.wlw.de/de/firma/niederlmuehle-gmbh-645156,http://www.niederl-muehle.at/,+4334772364,"Au 68, AT-8093 Wittmannsdorf"
Bachtalmühle AG,https://www.wlw.de/de/firma/bachtalmuehle-ag-692616,http://www.bachtalmuehle.ch/,+41417871484,"Aarauerstrasse 29, CH-5643 Sins"
"Jakob Wicki & Co. Mühle und Futtermittel, Inh. G. Wicki",https://www.wlw.de/de/firma/jakob-wicki-co-muehle-und-futtermittel-inh-g-wicki-1101573,http://www.wickimuehle.ch/,+41414841145,"Chratzerestrasse 24, CH-6170 Schüpfheim"
Mühlsteinstube Inh. Susanne Kühn,https://www.wlw.de/de/firma/muehlsteinstube-inh-susanne-kuehn-646658,https://www.muehlsteinstube.at/,+436648601537,"Dornau 3, AT-2544 Leobersdorf"
Glanzer Mühle GmbH,https://www.wlw.de/de/firma/glanzer-muehle-gmbh-770930,http://www.glanzer.com/,+4347622936,"Koschatstrasse 42, AT-9800 Spittal/Drau"
Josef Herndlhofer Schälmühle,https://www.wlw.de/de/firma/josef-herndlhofer-schaelmuehle-645565,http://www.herndlhofer-muehle.at/,+436643466659,"Pielachstrasse 11, AT-3200 Klangen"
Reinhold Rodler,https://www.wlw.de/de/firma/reinhold-rodler-781070,http://www.trummermuehle.at/,+433385231,"Hofing 1, AT-8262 Ilz"
Schafler-Mühle GmbH,https://www.wlw.de/de/firma/schafler-muehle-gmbh-645708,http://www.schafler-muehle.at/,N/A,"Mühlenviertel 39, AT-8212 Gersdorf an der Feistritz"
Gebr. Anderes Grotzenmühle,https://www.wlw.de/de/firma/gebr-anderes-grotzenmuehle-132484,http://grotzenmuehle.ch/,N/A,"Grotzenmühlestrasse 38, CH-8840 Einsiedeln"
Stöber Mühle GmbH,https://www.wlw.de/de/firma/stoeber-muehle-gmbh-762935,http://www.stoeber.cc/,+4327492220,"Pfaffing 8, AT-3386 Hafnerbach"
Knecht Mühle AG,https://www.wlw.de/de/firma/knecht-muehle-ag-132510,http://www.knechtmuehle.ch/,+41562471144,"Oberdorf 123, CH-5325 Leibstadt"
Hermann Dür A.G.,https://www.wlw.de/de/firma/hermann-duer-ag-969493,http://www.muehle-duer.ch/,+41344262651,"Kirchbergstrasse 179, CH-3400 Burgdorf"
Andres Robert Motschiunig - Thalhofmühle,https://www.wlw.de/de/firma/andres-robert-motschiunig-thalhofmuehle-1166465,N/A,+43463281871,"Mühlenstrasse 13, AT-9073 Klagenfurt"
Anton Rauch GesmbH & Co KG,https://www.wlw.de/de/firma/anton-rauch-gesmbh-co-kg-179070,http://www.rauchmehl.at/,+43512246410,"Haller Strasse 65, AT-6020 Innsbruck"
Johann Frauenlob,https://www.wlw.de/de/firma/johann-frauenlob-561751,http://www.frauenlob.at/,+4362292430,"Dorf 15, AT-5325 Plainfeld"
Steiner Mühle AG,https://www.wlw.de/de/firma/steiner-muehle-ag-1130317,http://www.steiner-muehle.ch/,N/A,"Langnaustrasse 144, CH-3436 Zollbrück"
Ebentaler Mühle Steininger GmbH,https://www.wlw.de/de/firma/ebentaler-muehle-steininger-gmbh-593794,http://www.steininger-mehl.at/,+4346332674,"Glanfurtstrasse 8, AT-9065 Ebenthal"
Molino e Pastificio S.A.,https://www.wlw.de/de/firma/molino-e-pastificio-sa-592719,https://pastificio.ch/,N/A,"Via Principale 1, CH-7742 Poschiavo"
Johann & Eduard Sagmeister KG,https://www.wlw.de/de/firma/johann-eduard-sagmeister-kg-645861,http://www.sagmeistermuehle.at/,+4333582400,"Mühlenweg 20, AT-7532 Litzelsdorf"
Les Moulins de Tavannes SA,https://www.wlw.de/de/firma/les-moulins-de-tavannes-sa-134027,N/A,+41324812303,"rue de Pierre-Pertuis 43, CH-2710 Tavannes"
Leibundgut AG,https://www.wlw.de/de/firma/leibundgut-ag-691992,N/A,+41344021526,"Schlossstrasse 27B, CH-3550 Langnau im Emmental"
Assmannmühlen Ges.m.b.H.,https://www.wlw.de/de/firma/assmannmuehlen-gesmbh-139681,http://www.assmannmuehlen.at/,+43223653555,"Steinfeldgasse 46, AT-2353 Guntramsdorf"
Franz Weilhartner,https://www.wlw.de/de/firma/franz-weilhartner-162795,N/A,+4377663173,"Leithen 4, AT-4771 Sigharting"
"Otto Baum, Import - Großhandels - Gesellschaft m.b.H. & Co. Kommanditgesellschaft",https://www.wlw.de/de/firma/otto-baum-import-grosshandels-gesellschaft-mbh-co-kommanditgesellschaft-153298,N/A,+4346357335,"Waaggasse 12, AT-9020 Klagenfurt"
Minihuber Mühle Gesellschaft m.b.H. & Co KG,https://www.wlw.de/de/firma/minihuber-muehle-gesellschaft-mbh-co-kg-645877,N/A,+437752830050,"Schloßstrasse 9, AT-4971 Aurolzmünster"
Scharmühle Alfred Huber,https://www.wlw.de/de/firma/scharmuehle-alfred-huber-646296,N/A,+43722987110,"Traunuferstrasse 130, AT-4052 Ansfelden"
Rudolf Roth OHG,https://www.wlw.de/de/firma/rudolf-roth-ohg-1098063,N/A,+43724227328,"Oberschauersberg 4, AT-4641 Steinhaus"
Markt-Mühle,https://www.wlw.de/de/firma/markt-muehle-1092673,N/A,+43312741306,"Übelbacherstrasse 31, AT-8121 Deutschfeistritz"
BIKOULA COMPLEXE INTERNATIONAL CONSULTINGS SARL,https://www.wlw.de/de/firma/bikoula-complexe-international-consultings-sarl-20029335,https://www.bcic.pro/,+33787837193,"15, rue Antoine de saint Exupéry BAT H, FR-94270 Le Kremlin-Bicetre"
Hochegger Mühle Gesellschaft m.b.H. & Co. KG,https://www.wlw.de/de/firma/hochegger-muehle-gesellschaft-mbh-co-kg-645957,N/A,+43775282051,"Weierfing 17, AT-4971 Aurolzmünster"
H.B.A STEENS ILMA TRADING BV DUPLICATE,https://www.wlw.de/de/firma/hba-steens-ilma-trading-bv-duplicate-20023444,https://ilmatrading.com/,+311632399533,"St. Vitusstraat 30 A, NL-1411 AA Naarden"
Danklmaier & Partner KG,https://www.wlw.de/de/firma/danklmaier-partner-kg-1453340,http://www.danklmaier.at/,+43368722063,"Hans-Klöpfer-Strasse 763/3, AT-8970 Schladming"
Huemer Mühle,https://www.wlw.de/de/firma/huemer-muehle-1562264,http://www.getreideprodukte.at/,+43772342456,"Stern 15, AT-4950 Altheim"
Anton Habring,https://www.wlw.de/de/firma/anton-habring-1444009,N/A,+4376837145,"Schnöllhof 2, AT-4873 Frankenburg am Hausruck"
